{
  "total": 22,
  "passed": 21,
  "failed": 1,
  "tests": [],
  "timestamp": "2025-08-18T14:05:46.295092",
  "success_rate": 95.45454545454545
}